id	nombre	categoria	precio	stock	fecha_alta	proveedor	activo	descuento_pct
1	Smart S 0000	Libreria	383.53	163	2020-01-01	FoodImport SA	True	
2	Max 3000 0001	Libreria	261.97	300	2020-01-01	HomeMart SL	True	
3	Max L 0002	Hogar	554.99	406	2020-01-02	SportZone SL	True	34.9
4	Smart 4K 0003	Deporte	821.01	302	2020-01-03	HomeMart SL	True	
5	Basic 2000 0004	Hogar	128.64	286	2020-01-03	ModaPlus SA	True	
6	Basic 3000 0005	Hogar	94.3	394	2020-01-04	HomeMart SL	True	34.5
7	Max S 0006	Deporte	233.38	9	2020-01-05	TechCorp SL	False	15.0
8	Eco 3000 0007	Electronica	654.57	194	2020-01-05	FoodImport SA	True	
9	Basic XL 0008	Hogar	535.28	117	2020-01-06	FoodImport SA	True	20.3
10	Max Z 0009	Hogar	95.57	269	2020-01-07	TechCorp SL	True	
11	Eco XL 0010	Alimentacion	827.19	79	2020-01-08	ModaPlus SA	True	
12	Ultra L 0011	Deporte	711.91	457	2020-01-08	TechCorp SL	True	
13	Pro 4K 0012	Ropa	24.62	92	2020-01-09	HomeMart SL	True	
14	Mini HD 0013	Electronica	587.62	265	2020-01-10	TechCorp SL	True	
15	Pro 4K 0014	Electronica	695.03	331	2020-01-10	TechCorp SL	True	15.0
16	Eco M 0015	Deporte	339.48	349	2020-01-11	ModaPlus SA	True	33.6
17	Plus 2000 0016	Libreria	65.74	360	2020-01-12	HomeMart SL	True	
18	Plus HD 0017	Libreria	73.27	256	2020-01-13	SportZone SL	True	
19	Basic L 0018	Alimentacion	97.4	132	2020-01-13	SportZone SL	False	
20	Basic 2000 0019	Alimentacion	757.02	275	2020-01-14	FoodImport SA	True	
21	Max HD 0020	Deporte	819.96	263	2020-01-15	TechCorp SL	True	28.6
22	Smart Z 0021	Alimentacion	114.03	170	2020-01-15	FoodImport SA	True	6.6
23	Plus HD 0022	Electronica	215.36	459	2020-01-16	ModaPlus SA	True	
24	Plus Z 0023	Electronica	152.3	0	2020-01-17	SportZone SL	True	
25	Ultra HD 0024	Ropa	170.93	312	2020-01-18	TechCorp SL	True	
26	Ultra L 0025	Libreria	754.38	63	2020-01-18	ModaPlus SA	True	
27	Ultra S 0026	Deporte	301.59	373	2020-01-19	ModaPlus SA	True	
28	Plus 2000 0027	Hogar	283.04	467	2020-01-20	TechCorp SL	False	35.9
29	Plus 3000 0028	Libreria	207.74	283	2020-01-20	ModaPlus SA	True	28.5
30	Smart M 0029	Hogar	548.66	120	2020-01-21	TechCorp SL	True	
31	Mini X 0030	Ropa	343.85	106	2020-01-22	TechCorp SL	True	
32	Plus Z 0031	Ropa	670.84	420	2020-01-22	HomeMart SL	True	15.4
33	Eco S 0032	Alimentacion	188.19	174	2020-01-23	FoodImport SA	True	
34	Ultra XL 0033	Ropa	709.85	484	2020-01-24	ModaPlus SA	False	
35	Mini 4K 0034	Ropa	544.92	203	2020-01-25	ModaPlus SA	True	
36	Plus XL 0035	Hogar	106.37	164	2020-01-25	HomeMart SL	True	35.2
37	Max Z 0036	Alimentacion	375.39	304	2020-01-26	HomeMart SL	True	5.1
38	Ultra Z 0037	Ropa	777.7	496	2020-01-27	HomeMart SL	True	30.1
39	Ultra S 0038	Libreria	830.96	119	2020-01-27	SportZone SL	True	34.0
40	Mini 3000 0039	Ropa	421.26	43	2020-01-28	SportZone SL	True	
41	Mini 2000 0040	Alimentacion	434.82	311	2020-01-29	SportZone SL	True	
42	Plus HD 0041	Deporte	826.93	155	2020-01-30	TechCorp SL	True	
43	Mini 3000 0042	Alimentacion	530.0	366	2020-01-30	ModaPlus SA	True	
44	Max Z 0043	Hogar	33.42	206	2020-01-31	FoodImport SA	True	
45	Smart L 0044	Deporte	821.81	389	2020-02-01	TechCorp SL	True	
46	Eco 4K 0045	Libreria	226.4	107	2020-02-01	ModaPlus SA	True	
47	Pro HD 0046	Electronica	521.55	250	2020-02-02	ModaPlus SA	True	
48	Max X 0047	Alimentacion	152.29	444	2020-02-03	HomeMart SL	True	
49	Pro 2000 0048	Hogar	34.35	403	2020-02-04	HomeMart SL	True	36.5
50	Pro 3000 0049	Libreria	283.07	369	2020-02-04	TechCorp SL	False	
51	Pro 3000 0050	Deporte	703.31	333	2020-02-05	HomeMart SL	True	
52	Eco M 0051	Libreria	252.71	129	2020-02-06	ModaPlus SA	True	31.2
53	Pro 3000 0052	Alimentacion	201.2	456	2020-02-06	HomeMart SL	True	19.4
54	Basic M 0053	Ropa	194.55	292	2020-02-07	SportZone SL	True	
55	Pro L 0054	Alimentacion	465.59	19	2020-02-08	HomeMart SL	True	
56	Ultra 2000 0055	Electronica	878.08	281	2020-02-08	ModaPlus SA	True	
57	Ultra HD 0056	Alimentacion	415.24	284	2020-02-09	TechCorp SL	False	
58	Plus 2000 0057	Deporte	503.34	0	2020-02-10	FoodImport SA	True	22.6
59	Pro 3000 0058	Deporte	775.12	118	2020-02-11	HomeMart SL	True	
60	Plus Z 0059	Alimentacion	483.41	34	2020-02-11	ModaPlus SA	True	
61	Pro 2000 0060	Deporte	169.27	197	2020-02-12	FoodImport SA	True	
62	Smart 3000 0061	Ropa	272.43	484	2020-02-13	FoodImport SA	True	
63	Max M 0062	Libreria	281.69	244	2020-02-13	SportZone SL	True	27.3
64	Plus 3000 0063	Alimentacion	359.99	58	2020-02-14	FoodImport SA	True	30.9
65	Mini M 0064	Ropa	386.39	324	2020-02-15	ModaPlus SA	False	23.5
66	Pro M 0065	Libreria	720.59	160	2020-02-16	ModaPlus SA	True	
67	Max M 0066	Libreria	317.04	496	2020-02-16	HomeMart SL	True	
68	Pro L 0067	Ropa	423.53	178	2020-02-17	HomeMart SL	True	
69	Ultra 2000 0068	Hogar	563.97	205	2020-02-18	HomeMart SL	True	
70	Smart 2000 0069	Alimentacion	342.43	11	2020-02-18	FoodImport SA	True	
71	Basic HD 0070	Libreria	753.55	489	2020-02-19	FoodImport SA	True	20.7
72	Smart 4K 0071	Libreria	530.35	275	2020-02-20	SportZone SL	True	8.0
73	Ultra M 0072	Deporte	267.45	180	2020-02-21	HomeMart SL	True	
74	Smart 2000 0073	Libreria	643.79	241	2020-02-21	TechCorp SL	True	36.9
75	Pro S 0074	Ropa	476.76	215	2020-02-22	SportZone SL	True	
76	Max S 0075	Libreria	482.86	250	2020-02-23	TechCorp SL	True	
77	Mini L 0076	Hogar	435.04	298	2020-02-23	FoodImport SA	True	
78	Smart 2000 0077	Alimentacion	449.31	125	2020-02-24	SportZone SL	True	
79	Max S 0078	Alimentacion	689.75	481	2020-02-25	SportZone SL	True	
80	Max 2000 0079	Libreria	96.26	216	2020-02-25	ModaPlus SA	True	
81	Basic M 0080	Electronica	303.58	305	2020-02-26	FoodImport SA	True	34.8
82	Mini Z 0081	Electronica	71.64	284	2020-02-27	FoodImport SA	False	19.1
83	Ultra HD 0082	Ropa	678.9	184	2020-02-28	SportZone SL	True	
84	Max XL 0083	Electronica	247.97	38	2020-02-28	FoodImport SA	True	
85	Plus S 0084	Ropa	808.09	222	2020-02-29	SportZone SL	True	
86	Mini 4K 0085	Deporte	475.8	183	2020-03-01	ModaPlus SA	True	25.7
87	Smart HD 0086	Ropa	721.46	494	2020-03-01	SportZone SL	True	
88	Smart X 0087	Electronica	881.11	426	2020-03-02	FoodImport SA	True	
89	Pro HD 0088	Libreria	756.44	177	2020-03-03	FoodImport SA	True	
90	Basic HD 0089	Deporte	780.82	406	2020-03-04	SportZone SL	True	
91	Plus HD 0090	Electronica	369.54	427	2020-03-04	SportZone SL	True	
92	Basic 2000 0091	Ropa	498.33	293	2020-03-05	SportZone SL	True	
93	Mini 3000 0092	Hogar	231.47	339	2020-03-06	HomeMart SL	True	
94	Basic HD 0093	Alimentacion	179.71	150	2020-03-06	FoodImport SA	True	
95	Mini L 0094	Electronica	456.93	383	2020-03-07	FoodImport SA	True	18.0
96	Pro M 0095	Ropa	537.15	125	2020-03-08	HomeMart SL	True	
97	Ultra 3000 0096	Deporte	307.98	300	2020-03-09	SportZone SL	True	
98	Smart XL 0097	Electronica	514.21	307	2020-03-09	ModaPlus SA	True	
99	Eco 3000 0098	Electronica	799.15	335	2020-03-10	SportZone SL	False	22.9
100	Pro S 0099	Alimentacion	502.81	433	2020-03-11	SportZone SL	True	
101	Pro X 0100	Ropa	649.84	233	2020-03-11	HomeMart SL	False	
102	Ultra S 0101	Hogar	725.55	379	2020-03-12	FoodImport SA	True	6.6
103	Plus 2000 0102	Deporte	889.89	374	2020-03-13	SportZone SL	False	31.7
104	Ultra M 0103	Ropa	544.45	7	2020-03-13	FoodImport SA	True	
105	Pro L 0104	Deporte	726.93	497	2020-03-14	TechCorp SL	True	
106	Pro 3000 0105	Electronica	866.52	340	2020-03-15	FoodImport SA	True	
107	Pro X 0106	Alimentacion	850.18	128	2020-03-16	ModaPlus SA	True	18.3
108	Ultra Z 0107	Alimentacion	130.4	263	2020-03-16	ModaPlus SA	True	5.2
109	Plus XL 0108	Libreria	368.12	156	2020-03-17	SportZone SL	True	
110	Smart L 0109	Hogar	294.29	351	2020-03-18	FoodImport SA	True	
111	Eco X 0110	Alimentacion	81.87	357	2020-03-18	SportZone SL	True	
112	Pro M 0111	Electronica	571.37	4	2020-03-19	HomeMart SL	False	
113	Mini Z 0112	Hogar	663.36	494	2020-03-20	ModaPlus SA	False	
114	Max 4K 0113	Ropa	763.91	85	2020-03-21	SportZone SL	False	
115	Eco XL 0114	Alimentacion	114.0	174	2020-03-21	HomeMart SL	True	
116	Eco 2000 0115	Hogar	789.28	289	2020-03-22	SportZone SL	True	
117	Plus 2000 0116	Electronica	580.05	192	2020-03-23	FoodImport SA	True	
118	Basic 3000 0117	Libreria	634.73	310	2020-03-23	FoodImport SA	True	
119	Basic X 0118	Deporte	819.91	118	2020-03-24	FoodImport SA	True	
120	Smart XL 0119	Deporte	563.78	217	2020-03-25	FoodImport SA	True	39.0
121	Eco L 0120	Electronica	304.93	426	2020-03-26	TechCorp SL	True	
122	Plus Z 0121	Electronica	743.29	457	2020-03-26	HomeMart SL	True	39.2
123	Mini XL 0122	Deporte	329.29	413	2020-03-27	HomeMart SL	False	
124	Basic X 0123	Libreria	34.66	113	2020-03-28	FoodImport SA	True	
125	Pro XL 0124	Hogar	748.26	465	2020-03-28	TechCorp SL	False	
126	Eco M 0125	Deporte	313.28	144	2020-03-29	FoodImport SA	True	12.3
127	Plus S 0126	Electronica	697.35	25	2020-03-30	TechCorp SL	True	
128	Basic 4K 0127	Alimentacion	329.02	135	2020-03-30	FoodImport SA	True	
129	Basic M 0128	Ropa	775.51	302	2020-03-31	ModaPlus SA	True	18.8
130	Plus 2000 0129	Libreria	200.67	231	2020-04-01	ModaPlus SA	True	
131	Plus HD 0130	Libreria	877.18	368	2020-04-02	SportZone SL	True	
132	Pro 3000 0131	Alimentacion	702.65	75	2020-04-02	FoodImport SA	True	22.1
133	Eco 2000 0132	Alimentacion	106.35	474	2020-04-03	HomeMart SL	True	
134	Ultra 3000 0133	Electronica	510.93	327	2020-04-04	SportZone SL	True	
135	Pro HD 0134	Deporte	886.88	344	2020-04-04	ModaPlus SA	False	
136	Pro Z 0135	Hogar	426.06	301	2020-04-05	FoodImport SA	True	
137	Smart 4K 0136	Libreria	167.16	451	2020-04-06	SportZone SL	True	21.6
138	Basic 2000 0137	Libreria	438.35	288	2020-04-07	FoodImport SA	True	
139	Plus 4K 0138	Alimentacion	463.15	0	2020-04-07	ModaPlus SA	True	39.8
140	Eco HD 0139	Deporte	668.54	146	2020-04-08	SportZone SL	True	
141	Plus X 0140	Libreria	630.16	286	2020-04-09	ModaPlus SA	True	
142	Ultra X 0141	Hogar	364.67	463	2020-04-09	TechCorp SL	False	
143	Eco L 0142	Alimentacion	199.34	141	2020-04-10	ModaPlus SA	True	
144	Max 2000 0143	Hogar	581.96	52	2020-04-11	FoodImport SA	False	6.1
145	Pro HD 0144	Deporte	381.84	303	2020-04-12	HomeMart SL	False	39.0
146	Basic M 0145	Libreria	122.51	68	2020-04-12	ModaPlus SA	True	32.1
147	Eco M 0146	Ropa	810.9	360	2020-04-13	HomeMart SL	True	
148	Plus 3000 0147	Libreria	623.32	89	2020-04-14	TechCorp SL	False	21.7
149	Mini 3000 0148	Deporte	616.12	445	2020-04-14	SportZone SL	True	
150	Pro 3000 0149	Libreria	741.03	219	2020-04-15	SportZone SL	True	
151	Plus X 0150	Libreria	478.57	449	2020-04-16	HomeMart SL	False	
152	Eco S 0151	Electronica	734.28	497	2020-04-16	SportZone SL	True	34.3
153	Mini 3000 0152	Libreria	450.28	191	2020-04-17	ModaPlus SA	True	
154	Plus M 0153	Libreria	64.18	453	2020-04-18	HomeMart SL	True	
155	Eco HD 0154	Hogar	367.09	62	2020-04-19	FoodImport SA	True	
156	Basic HD 0155	Ropa	449.72	72	2020-04-19	ModaPlus SA	True	
157	Max Z 0156	Hogar	649.29	160	2020-04-20	ModaPlus SA	True	22.8
158	Eco Z 0157	Hogar	99.48	168	2020-04-21	ModaPlus SA	True	
159	Ultra XL 0158	Alimentacion	129.45	88	2020-04-21	FoodImport SA	True	
160	Basic HD 0159	Electronica	240.25	175	2020-04-22	TechCorp SL	True	
161	Plus X 0160	Hogar	242.77	268	2020-04-23	SportZone SL	True	
162	Plus X 0161	Deporte	660.03	72	2020-04-24	HomeMart SL	True	
163	Mini L 0162	Deporte	228.64	244	2020-04-24	TechCorp SL	True	
164	Eco S 0163	Libreria	571.25	76	2020-04-25	HomeMart SL	True	
165	Eco 3000 0164	Alimentacion	446.86	158	2020-04-26	SportZone SL	True	10.3
166	Smart M 0165	Electronica	517.66	488	2020-04-26	FoodImport SA	True	
167	Pro X 0166	Electronica	754.93	458	2020-04-27	ModaPlus SA	False	
168	Eco M 0167	Libreria	366.32	323	2020-04-28	ModaPlus SA	True	
169	Mini 2000 0168	Deporte	694.73	97	2020-04-29	FoodImport SA	True	30.7
170	Mini XL 0169	Ropa	382.13	380	2020-04-29	TechCorp SL	True	15.5
171	Mini M 0170	Alimentacion	321.06	101	2020-04-30	TechCorp SL	True	
172	Mini 3000 0171	Libreria	862.92	493	2020-05-01	HomeMart SL	True	
173	Basic Z 0172	Alimentacion	169.19	131	2020-05-01	FoodImport SA	True	
174	Max X 0173	Deporte	84.93	101	2020-05-02	TechCorp SL	True	
175	Plus X 0174	Deporte	694.79	18	2020-05-03	FoodImport SA	True	
176	Max M 0175	Ropa	65.14	453	2020-05-03	SportZone SL	True	34.8
177	Plus M 0176	Ropa	754.01	481	2020-05-04	ModaPlus SA	True	
178	Eco X 0177	Electronica	395.72	81	2020-05-05	ModaPlus SA	True	36.7
179	Eco X 0178	Alimentacion	824.29	396	2020-05-06	ModaPlus SA	True	
180	Plus L 0179	Alimentacion	650.48	488	2020-05-06	FoodImport SA	True	
181	Mini M 0180	Deporte	550.91	278	2020-05-07	FoodImport SA	True	26.0
182	Plus HD 0181	Electronica	854.57	338	2020-05-08	HomeMart SL	True	
183	Max 3000 0182	Libreria	359.39	364	2020-05-08	ModaPlus SA	True	
184	Max X 0183	Alimentacion	858.85	330	2020-05-09	HomeMart SL	True	
185	Mini L 0184	Electronica	124.95	128	2020-05-10	ModaPlus SA	True	
186	Smart M 0185	Electronica	437.43	343	2020-05-11	HomeMart SL	True	
187	Plus X 0186	Deporte	245.83	309	2020-05-11	HomeMart SL	True	7.0
188	Plus L 0187	Electronica	487.69	454	2020-05-12	SportZone SL	True	28.8
189	Eco 2000 0188	Ropa	149.15	88	2020-05-13	HomeMart SL	False	21.3
190	Pro M 0189	Ropa	758.0	212	2020-05-13	FoodImport SA	True	
191	Eco Z 0190	Hogar	762.37	142	2020-05-14	HomeMart SL	True	
192	Pro 4K 0191	Deporte	859.88	64	2020-05-15	ModaPlus SA	True	
193	Smart XL 0192	Libreria	142.58	75	2020-05-16	HomeMart SL	True	23.0
194	Ultra M 0193	Hogar	562.5	198	2020-05-16	TechCorp SL	True	
195	Eco 3000 0194	Ropa	428.91	142	2020-05-17	ModaPlus SA	True	
196	Ultra XL 0195	Hogar	312.56	404	2020-05-18	TechCorp SL	True	
197	Smart Z 0196	Deporte	318.97	402	2020-05-18	ModaPlus SA	False	
198	Smart 4K 0197	Deporte	373.85	315	2020-05-19	FoodImport SA	True	
199	Ultra 4K 0198	Electronica	635.6	92	2020-05-20	FoodImport SA	False	23.3
200	Pro 3000 0199	Alimentacion	540.05	472	2020-05-20	FoodImport SA	True	
201	Pro HD 0200	Electronica	415.86	416	2020-05-21	TechCorp SL	True	
202	Basic XL 0201	Deporte	72.03	304	2020-05-22	SportZone SL	True	
203	Eco 2000 0202	Ropa	73.67	223	2020-05-23	ModaPlus SA	True	
204	Max 4K 0203	Libreria	6.09	496	2020-05-23	FoodImport SA	True	
205	Smart 4K 0204	Ropa	871.05	290	2020-05-24	ModaPlus SA	True	
206	Basic Z 0205	Electronica	8.7	427	2020-05-25	TechCorp SL	True	
207	Pro 3000 0206	Libreria	96.36	101	2020-05-25	SportZone SL	True	
208	Max 4K 0207	Deporte	285.87	473	2020-05-26	TechCorp SL	True	
209	Smart HD 0208	Ropa	727.45	266	2020-05-27	ModaPlus SA	False	
210	Plus S 0209	Deporte	866.03	354	2020-05-28	SportZone SL	True	
211	Pro 3000 0210	Libreria	711.84	455	2020-05-28	SportZone SL	True	
212	Eco M 0211	Libreria	622.73	109	2020-05-29	TechCorp SL	False	
213	Smart Z 0212	Ropa	471.08	461	2020-05-30	FoodImport SA	True	39.9
214	Ultra 2000 0213	Deporte	81.68	329	2020-05-30	ModaPlus SA	True	
215	Smart XL 0214	Hogar	862.51	449	2020-05-31	HomeMart SL	True	
216	Basic HD 0215	Deporte	683.51	429	2020-06-01	HomeMart SL	False	
217	Ultra XL 0216	Libreria	576.49	264	2020-06-02	TechCorp SL	True	
218	Ultra 4K 0217	Deporte	684.09	2	2020-06-02	ModaPlus SA	True	
219	Mini X 0218	Electronica	652.79	84	2020-06-03	ModaPlus SA	True	
220	Plus 4K 0219	Hogar	574.95	281	2020-06-04	TechCorp SL	True	
221	Mini XL 0220	Alimentacion	882.59	327	2020-06-04	ModaPlus SA	True	6.1
222	Basic L 0221	Electronica	813.4	303	2020-06-05	FoodImport SA	True	
223	Pro 3000 0222	Alimentacion	583.4	449	2020-06-06	TechCorp SL	True	
224	Max L 0223	Ropa	625.07	453	2020-06-06	FoodImport SA	True	
225	Smart S 0224	Alimentacion	50.22	411	2020-06-07	ModaPlus SA	False	31.7
226	Mini S 0225	Deporte	604.24	116	2020-06-08	TechCorp SL	True	37.5
227	Mini M 0226	Alimentacion	43.56	220	2020-06-09	ModaPlus SA	True	
228	Smart 3000 0227	Libreria	531.07	153	2020-06-09	TechCorp SL	True	35.5
229	Plus Z 0228	Electronica	899.41	152	2020-06-10	ModaPlus SA	True	23.5
230	Plus 4K 0229	Electronica	501.99	11	2020-06-11	FoodImport SA	False	27.1
231	Mini M 0230	Alimentacion	427.99	132	2020-06-11	FoodImport SA	True	27.6
232	Pro 3000 0231	Electronica	284.31	481	2020-06-12	ModaPlus SA	True	33.7
233	Smart M 0232	Libreria	111.98	303	2020-06-13	TechCorp SL	True	
234	Plus 4K 0233	Electronica	658.99	292	2020-06-14	HomeMart SL	True	
235	Smart 4K 0234	Alimentacion	176.56	462	2020-06-14	FoodImport SA	True	
236	Max 4K 0235	Hogar	107.28	299	2020-06-15	FoodImport SA	True	
237	Max 2000 0236	Hogar	381.89	227	2020-06-16	HomeMart SL	True	
238	Smart HD 0237	Ropa	716.62	270	2020-06-16	ModaPlus SA	False	12.0
239	Plus L 0238	Electronica	671.57	42	2020-06-17	TechCorp SL	True	39.8
240	Pro 4K 0239	Alimentacion	53.16	431	2020-06-18	ModaPlus SA	True	
241	Ultra X 0240	Electronica	411.8	342	2020-06-19	SportZone SL	True	5.1
242	Smart Z 0241	Deporte	472.09	325	2020-06-19	FoodImport SA	True	
243	Eco XL 0242	Libreria	581.5	301	2020-06-20	SportZone SL	True	
244	Eco HD 0243	Electronica	586.54	497	2020-06-21	FoodImport SA	True	
245	Eco L 0244	Electronica	330.76	363	2020-06-21	FoodImport SA	True	7.4
246	Pro 2000 0245	Hogar	506.36	378	2020-06-22	SportZone SL	False	
247	Eco L 0246	Libreria	435.02	426	2020-06-23	SportZone SL	True	
248	Mini 2000 0247	Alimentacion	796.95	492	2020-06-23	ModaPlus SA	True	33.8
249	Basic 4K 0248	Electronica	479.11	20	2020-06-24	SportZone SL	True	
250	Eco M 0249	Hogar	399.15	406	2020-06-25	ModaPlus SA	True	
251	Max XL 0250	Ropa	366.41	106	2020-06-26	ModaPlus SA	True	
252	Pro L 0251	Libreria	516.89	335	2020-06-26	ModaPlus SA	True	8.7
253	Smart X 0252	Hogar	724.35	302	2020-06-27	FoodImport SA	False	
254	Mini S 0253	Hogar	486.4	116	2020-06-28	FoodImport SA	False	
255	Max 4K 0254	Hogar	596.83	123	2020-06-28	SportZone SL	False	
256	Ultra L 0255	Electronica	665.11	398	2020-06-29	FoodImport SA	True	29.1
257	Smart S 0256	Electronica	470.06	280	2020-06-30	SportZone SL	True	
258	Pro L 0257	Ropa	386.42	291	2020-07-01	FoodImport SA	True	15.7
259	Smart 4K 0258	Deporte	789.48	202	2020-07-01	TechCorp SL	False	
260	Ultra XL 0259	Deporte	378.08	50	2020-07-02	TechCorp SL	True	27.1
261	Max S 0260	Deporte	417.89	270	2020-07-03	SportZone SL	True	
262	Ultra S 0261	Libreria	891.34	323	2020-07-03	FoodImport SA	True	
263	Smart 4K 0262	Libreria	4.2	276	2020-07-04	FoodImport SA	True	
264	Ultra M 0263	Ropa	170.17	140	2020-07-05	ModaPlus SA	True	
265	Ultra X 0264	Libreria	348.02	469	2020-07-06	HomeMart SL	True	35.4
266	Eco L 0265	Deporte	839.59	274	2020-07-06	SportZone SL	True	
267	Max S 0266	Deporte	66.74	289	2020-07-07	HomeMart SL	True	
268	Eco 3000 0267	Hogar	12.49	333	2020-07-08	HomeMart SL	True	34.5
269	Eco 2000 0268	Libreria	51.19	380	2020-07-08	SportZone SL	True	
270	Ultra X 0269	Electronica	83.32	451	2020-07-09	FoodImport SA	True	
271	Plus S 0270	Electronica	37.68	495	2020-07-10	SportZone SL	True	
272	Eco Z 0271	Hogar	433.87	372	2020-07-10	HomeMart SL	True	
273	Basic X 0272	Hogar	524.35	51	2020-07-11	FoodImport SA	True	
274	Pro M 0273	Hogar	247.42	493	2020-07-12	TechCorp SL	True	12.4
275	Basic L 0274	Electronica	360.86	26	2020-07-13	SportZone SL	True	
276	Plus M 0275	Deporte	86.15	156	2020-07-13	SportZone SL	True	
277	Pro X 0276	Hogar	305.38	238	2020-07-14	FoodImport SA	True	15.2
278	Eco 4K 0277	Ropa	472.17	155	2020-07-15	TechCorp SL	True	
279	Basic Z 0278	Hogar	660.11	290	2020-07-15	TechCorp SL	True	
280	Max M 0279	Alimentacion	6.99	135	2020-07-16	FoodImport SA	False	
281	Ultra M 0280	Hogar	422.7	143	2020-07-17	ModaPlus SA	True	
282	Smart X 0281	Electronica	270.1	105	2020-07-18	SportZone SL	True	
283	Ultra 3000 0282	Libreria	768.12	419	2020-07-18	SportZone SL	True	
284	Max 4K 0283	Hogar	645.13	157	2020-07-19	HomeMart SL	False	12.7
285	Ultra 4K 0284	Libreria	531.83	145	2020-07-20	FoodImport SA	True	
286	Mini Z 0285	Alimentacion	252.42	1	2020-07-20	HomeMart SL	True	12.5
287	Basic HD 0286	Ropa	819.65	432	2020-07-21	HomeMart SL	True	
288	Smart S 0287	Libreria	44.4	76	2020-07-22	TechCorp SL	True	
289	Ultra L 0288	Deporte	102.07	131	2020-07-23	SportZone SL	True	
290	Ultra 3000 0289	Hogar	354.89	89	2020-07-23	HomeMart SL	True	
291	Plus HD 0290	Alimentacion	115.49	344	2020-07-24	TechCorp SL	False	
292	Max HD 0291	Alimentacion	860.94	349	2020-07-25	FoodImport SA	True	
293	Plus 4K 0292	Libreria	718.99	458	2020-07-25	HomeMart SL	True	
294	Max HD 0293	Ropa	236.04	262	2020-07-26	SportZone SL	True	24.4
295	Eco M 0294	Electronica	531.33	350	2020-07-27	HomeMart SL	True	
296	Pro M 0295	Hogar	884.16	107	2020-07-27	FoodImport SA	True	
297	Eco S 0296	Alimentacion	796.23	73	2020-07-28	HomeMart SL	False	
298	Ultra X 0297	Ropa	542.31	38	2020-07-29	SportZone SL	True	13.2
299	Smart 3000 0298	Deporte	813.73	396	2020-07-30	TechCorp SL	True	15.6
300	Smart L 0299	Alimentacion	890.3	158	2020-07-30	SportZone SL	True	15.1
301	Plus X 0300	Ropa	670.03	70	2020-07-31	TechCorp SL	True	24.7
302	Smart 2000 0301	Electronica	62.22	446	2020-08-01	ModaPlus SA	True	
303	Pro M 0302	Electronica	363.81	311	2020-08-01	SportZone SL	True	
304	Pro X 0303	Alimentacion	754.68	240	2020-08-02	SportZone SL	True	
305	Pro S 0304	Alimentacion	210.58	425	2020-08-03	FoodImport SA	True	19.1
306	Eco HD 0305	Libreria	748.25	444	2020-08-04	HomeMart SL	True	
307	Mini M 0306	Hogar	111.81	297	2020-08-04	TechCorp SL	False	35.9
308	Pro S 0307	Ropa	46.05	439	2020-08-05	TechCorp SL	True	33.8
309	Plus HD 0308	Alimentacion	348.14	35	2020-08-06	FoodImport SA	True	
310	Basic HD 0309	Hogar	36.9	83	2020-08-06	FoodImport SA	True	
311	Smart S 0310	Libreria	861.7	451	2020-08-07	HomeMart SL	True	
312	Basic 4K 0311	Hogar	744.27	373	2020-08-08	HomeMart SL	True	
313	Smart L 0312	Alimentacion	721.48	262	2020-08-09	SportZone SL	False	
314	Max M 0313	Electronica	568.27	309	2020-08-09	ModaPlus SA	True	
315	Plus HD 0314	Ropa	197.82	384	2020-08-10	HomeMart SL	True	
316	Plus L 0315	Ropa	468.35	171	2020-08-11	FoodImport SA	True	
317	Plus L 0316	Electronica	539.15	375	2020-08-11	HomeMart SL	True	36.4
318	Smart HD 0317	Alimentacion	474.42	172	2020-08-12	TechCorp SL	True	
319	Smart L 0318	Ropa	237.16	361	2020-08-13	ModaPlus SA	True	21.3
320	Ultra 4K 0319	Alimentacion	465.65	46	2020-08-13	SportZone SL	True	
321	Smart 4K 0320	Libreria	444.09	378	2020-08-14	TechCorp SL	True	
322	Max M 0321	Alimentacion	896.71	140	2020-08-15	TechCorp SL	True	
323	Smart Z 0322	Hogar	808.09	374	2020-08-16	ModaPlus SA	True	
324	Smart HD 0323	Electronica	419.18	405	2020-08-16	SportZone SL	True	
325	Ultra 4K 0324	Alimentacion	562.14	117	2020-08-17	FoodImport SA	True	9.5
326	Plus X 0325	Libreria	674.08	276	2020-08-18	SportZone SL	False	24.8
327	Max XL 0326	Deporte	35.23	213	2020-08-18	HomeMart SL	True	
328	Smart 3000 0327	Electronica	805.84	219	2020-08-19	TechCorp SL	True	
329	Ultra HD 0328	Ropa	774.66	392	2020-08-20	HomeMart SL	True	36.8
330	Ultra 4K 0329	Hogar	413.85	25	2020-08-21	FoodImport SA	True	
331	Ultra L 0330	Ropa	354.48	8	2020-08-21	HomeMart SL	True	
332	Max L 0331	Libreria	248.56	270	2020-08-22	SportZone SL	True	
333	Mini M 0332	Libreria	431.09	9	2020-08-23	HomeMart SL	True	
334	Eco X 0333	Ropa	43.75	471	2020-08-23	FoodImport SA	False	
335	Mini S 0334	Electronica	767.56	377	2020-08-24	FoodImport SA	True	
336	Pro 2000 0335	Ropa	35.73	120	2020-08-25	FoodImport SA	True	
337	Pro S 0336	Alimentacion	298.82	124	2020-08-26	SportZone SL	True	24.8
338	Plus XL 0337	Ropa	838.69	169	2020-08-26	FoodImport SA	True	
339	Plus M 0338	Hogar	662.74	71	2020-08-27	TechCorp SL	True	34.5
340	Max XL 0339	Hogar	256.12	151	2020-08-28	FoodImport SA	True	
341	Smart 4K 0340	Deporte	230.36	207	2020-08-28	HomeMart SL	True	
342	Ultra M 0341	Hogar	8.54	48	2020-08-29	HomeMart SL	True	
343	Smart M 0342	Ropa	627.35	153	2020-08-30	HomeMart SL	True	
344	Max Z 0343	Hogar	47.7	346	2020-08-30	SportZone SL	True	11.4
345	Plus 4K 0344	Electronica	481.2	292	2020-08-31	HomeMart SL	True	14.7
346	Plus 3000 0345	Hogar	866.05	67	2020-09-01	SportZone SL	True	
347	Max HD 0346	Alimentacion	102.07	49	2020-09-02	SportZone SL	False	
348	Smart X 0347	Electronica	805.44	151	2020-09-02	FoodImport SA	True	38.0
349	Basic HD 0348	Deporte	892.35	18	2020-09-03	TechCorp SL	True	
350	Smart X 0349	Alimentacion	59.11	99	2020-09-04	FoodImport SA	False	
351	Pro 3000 0350	Ropa	795.07	59	2020-09-04	FoodImport SA	True	
352	Pro XL 0351	Ropa	466.4	166	2020-09-05	SportZone SL	True	40.0
353	Max XL 0352	Ropa	816.23	201	2020-09-06	SportZone SL	True	
354	Ultra L 0353	Alimentacion	515.89	344	2020-09-07	HomeMart SL	True	
355	Eco XL 0354	Alimentacion	597.24	145	2020-09-07	HomeMart SL	True	
356	Max L 0355	Alimentacion	491.22	402	2020-09-08	FoodImport SA	True	
357	Plus M 0356	Electronica	778.58	163	2020-09-09	ModaPlus SA	True	
358	Basic S 0357	Libreria	661.57	457	2020-09-09	ModaPlus SA	True	8.9
359	Pro Z 0358	Electronica	471.04	480	2020-09-10	HomeMart SL	False	
360	Smart HD 0359	Ropa	781.86	438	2020-09-11	ModaPlus SA	True	
361	Pro X 0360	Libreria	223.77	241	2020-09-12	HomeMart SL	True	5.1
362	Max XL 0361	Hogar	144.97	68	2020-09-12	SportZone SL	False	
363	Mini M 0362	Ropa	147.71	174	2020-09-13	FoodImport SA	True	11.5
364	Eco 2000 0363	Deporte	303.26	48	2020-09-14	TechCorp SL	False	24.3
365	Pro 4K 0364	Electronica	217.86	482	2020-09-14	FoodImport SA	True	
366	Eco 3000 0365	Alimentacion	837.35	107	2020-09-15	HomeMart SL	True	
367	Mini 3000 0366	Electronica	98.82	225	2020-09-16	HomeMart SL	True	
368	Plus L 0367	Alimentacion	630.29	160	2020-09-16	FoodImport SA	True	
369	Eco 4K 0368	Libreria	173.53	118	2020-09-17	HomeMart SL	True	
370	Plus S 0369	Deporte	793.94	148	2020-09-18	ModaPlus SA	False	27.7
371	Ultra 3000 0370	Libreria	865.33	464	2020-09-19	ModaPlus SA	True	
372	Ultra Z 0371	Deporte	421.05	149	2020-09-19	HomeMart SL	True	
373	Plus L 0372	Electronica	791.64	431	2020-09-20	HomeMart SL	False	
374	Pro S 0373	Alimentacion	8.6	292	2020-09-21	ModaPlus SA	True	
375	Eco XL 0374	Libreria	738.66	142	2020-09-21	HomeMart SL	True	
376	Smart X 0375	Deporte	208.84	418	2020-09-22	HomeMart SL	False	
377	Pro X 0376	Ropa	818.19	475	2020-09-23	FoodImport SA	True	
378	Max S 0377	Ropa	4.99	454	2020-09-24	TechCorp SL	True	
379	Max M 0378	Libreria	502.33	159	2020-09-24	ModaPlus SA	False	
380	Max XL 0379	Alimentacion	681.94	10	2020-09-25	FoodImport SA	True	28.9
381	Ultra M 0380	Libreria	235.77	137	2020-09-26	TechCorp SL	True	21.4
382	Eco L 0381	Electronica	177.04	456	2020-09-26	HomeMart SL	True	
383	Smart HD 0382	Deporte	79.34	77	2020-09-27	HomeMart SL	True	8.0
384	Ultra 4K 0383	Electronica	296.47	76	2020-09-28	FoodImport SA	False	
385	Eco Z 0384	Ropa	505.61	440	2020-09-29	HomeMart SL	True	
386	Basic L 0385	Deporte	107.79	253	2020-09-29	SportZone SL	True	
387	Smart 3000 0386	Libreria	341.51	408	2020-09-30	FoodImport SA	True	
388	Pro XL 0387	Electronica	12.12	257	2020-10-01	TechCorp SL	True	
389	Pro Z 0388	Hogar	737.53	319	2020-10-01	FoodImport SA	True	
390	Eco X 0389	Alimentacion	119.08	290	2020-10-02	ModaPlus SA	True	29.1
391	Basic L 0390	Alimentacion	257.87	262	2020-10-03	FoodImport SA	True	
392	Ultra HD 0391	Hogar	20.5	84	2020-10-03	HomeMart SL	True	
393	Mini X 0392	Ropa	391.28	145	2020-10-04	HomeMart SL	True	
394	Max X 0393	Deporte	756.74	322	2020-10-05	SportZone SL	True	
395	Ultra HD 0394	Alimentacion	355.36	41	2020-10-06	SportZone SL	True	
396	Basic X 0395	Hogar	164.82	373	2020-10-06	SportZone SL	True	
397	Max 2000 0396	Libreria	679.3	124	2020-10-07	TechCorp SL	True	
398	Mini X 0397	Hogar	710.76	166	2020-10-08	SportZone SL	True	16.6
399	Max L 0398	Ropa	159.67	424	2020-10-08	TechCorp SL	True	
400	Mini M 0399	Ropa	694.68	240	2020-10-09	SportZone SL	True	14.3
401	Max 2000 0400	Electronica	852.77	458	2020-10-10	TechCorp SL	True	30.4
402	Max L 0401	Alimentacion	153.06	486	2020-10-11	FoodImport SA	True	35.7
403	Max 4K 0402	Electronica	694.79	279	2020-10-11	FoodImport SA	True	
404	Ultra M 0403	Hogar	638.87	187	2020-10-12	HomeMart SL	True	
405	Pro L 0404	Deporte	428.31	301	2020-10-13	TechCorp SL	False	
406	Mini HD 0405	Deporte	55.89	18	2020-10-13	ModaPlus SA	True	
407	Mini X 0406	Ropa	70.92	67	2020-10-14	HomeMart SL	True	
408	Basic S 0407	Deporte	767.75	217	2020-10-15	FoodImport SA	False	12.7
409	Mini X 0408	Deporte	891.16	101	2020-10-16	TechCorp SL	True	
410	Pro 3000 0409	Deporte	609.73	41	2020-10-16	SportZone SL	False	
411	Eco Z 0410	Hogar	403.57	287	2020-10-17	ModaPlus SA	True	
412	Plus 3000 0411	Deporte	584.22	166	2020-10-18	FoodImport SA	True	
413	Smart 4K 0412	Libreria	536.57	108	2020-10-18	HomeMart SL	True	18.4
414	Ultra Z 0413	Deporte	347.71	493	2020-10-19	TechCorp SL	True	
415	Mini XL 0414	Deporte	62.79	35	2020-10-20	ModaPlus SA	True	
416	Basic Z 0415	Electronica	740.07	231	2020-10-20	TechCorp SL	True	
417	Plus X 0416	Hogar	337.15	228	2020-10-21	SportZone SL	True	16.6
418	Mini L 0417	Ropa	737.62	352	2020-10-22	HomeMart SL	True	
419	Mini HD 0418	Electronica	230.24	163	2020-10-23	TechCorp SL	True	
420	Pro 2000 0419	Alimentacion	4.91	386	2020-10-23	FoodImport SA	True	12.8
421	Smart L 0420	Hogar	146.4	72	2020-10-24	HomeMart SL	False	
422	Max Z 0421	Libreria	423.8	135	2020-10-25	FoodImport SA	True	
423	Basic M 0422	Hogar	850.09	352	2020-10-25	TechCorp SL	True	
424	Smart XL 0423	Alimentacion	95.56	378	2020-10-26	HomeMart SL	True	
425	Eco Z 0424	Alimentacion	769.36	69	2020-10-27	FoodImport SA	True	
426	Mini Z 0425	Alimentacion	476.2	424	2020-10-28	SportZone SL	True	
427	Ultra Z 0426	Ropa	744.02	486	2020-10-28	SportZone SL	True	
428	Mini M 0427	Deporte	271.33	195	2020-10-29	TechCorp SL	True	24.1
429	Smart Z 0428	Hogar	756.58	268	2020-10-30	HomeMart SL	True	
430	Plus HD 0429	Deporte	696.44	48	2020-10-30	ModaPlus SA	True	
431	Mini X 0430	Deporte	210.12	315	2020-10-31	HomeMart SL	True	
432	Eco 2000 0431	Libreria	121.67	129	2020-11-01	SportZone SL	True	
433	Ultra M 0432	Alimentacion	781.77	443	2020-11-02	FoodImport SA	True	10.3
434	Pro L 0433	Ropa	867.05	4	2020-11-02	ModaPlus SA	True	
435	Max S 0434	Libreria	32.04	427	2020-11-03	TechCorp SL	True	
436	Ultra 3000 0435	Electronica	659.21	26	2020-11-04	ModaPlus SA	True	
437	Pro 4K 0436	Ropa	818.92	159	2020-11-04	TechCorp SL	True	
438	Pro S 0437	Deporte	772.18	148	2020-11-05	ModaPlus SA	True	
439	Eco L 0438	Ropa	868.2	263	2020-11-06	TechCorp SL	True	7.1
440	Ultra XL 0439	Alimentacion	685.03	229	2020-11-06	TechCorp SL	True	
441	Max Z 0440	Electronica	400.29	199	2020-11-07	ModaPlus SA	True	25.4
442	Max M 0441	Alimentacion	283.5	49	2020-11-08	ModaPlus SA	True	39.7
443	Smart HD 0442	Electronica	291.38	66	2020-11-09	TechCorp SL	True	
444	Smart 2000 0443	Libreria	653.07	299	2020-11-09	SportZone SL	True	23.6
445	Eco XL 0444	Deporte	672.26	380	2020-11-10	ModaPlus SA	True	
446	Eco 3000 0445	Electronica	183.51	57	2020-11-11	HomeMart SL	True	
447	Plus 3000 0446	Electronica	781.83	258	2020-11-11	FoodImport SA	True	
448	Plus 3000 0447	Electronica	644.56	341	2020-11-12	TechCorp SL	True	
449	Pro M 0448	Ropa	508.21	325	2020-11-13	TechCorp SL	False	
450	Eco M 0449	Libreria	426.48	129	2020-11-14	FoodImport SA	True	30.4
451	Basic Z 0450	Ropa	490.73	214	2020-11-14	SportZone SL	True	
452	Max 4K 0451	Deporte	146.67	171	2020-11-15	FoodImport SA	True	
453	Basic M 0452	Electronica	186.51	257	2020-11-16	ModaPlus SA	True	
454	Max L 0453	Libreria	85.67	101	2020-11-16	FoodImport SA	True	
455	Ultra 4K 0454	Libreria	141.67	208	2020-11-17	TechCorp SL	True	
456	Max XL 0455	Hogar	410.5	290	2020-11-18	FoodImport SA	True	
457	Max XL 0456	Deporte	479.19	353	2020-11-19	HomeMart SL	True	
458	Pro L 0457	Libreria	19.99	470	2020-11-19	ModaPlus SA	True	
459	Pro 4K 0458	Electronica	717.92	285	2020-11-20	FoodImport SA	False	
460	Mini Z 0459	Electronica	267.56	115	2020-11-21	TechCorp SL	False	27.5
461	Pro 4K 0460	Libreria	821.0	263	2020-11-21	ModaPlus SA	True	33.3
462	Max HD 0461	Ropa	870.88	149	2020-11-22	TechCorp SL	True	38.2
463	Ultra HD 0462	Deporte	170.16	299	2020-11-23	SportZone SL	True	
464	Smart HD 0463	Electronica	418.03	441	2020-11-23	HomeMart SL	True	
465	Mini 3000 0464	Libreria	5.09	35	2020-11-24	SportZone SL	True	
466	Mini X 0465	Electronica	540.09	452	2020-11-25	HomeMart SL	True	
467	Ultra S 0466	Libreria	548.14	332	2020-11-26	FoodImport SA	True	29.1
468	Pro 3000 0467	Deporte	225.79	476	2020-11-26	ModaPlus SA	False	
469	Pro M 0468	Libreria	504.33	286	2020-11-27	FoodImport SA	True	
470	Max S 0469	Hogar	206.07	302	2020-11-28	HomeMart SL	True	
471	Smart 3000 0470	Libreria	148.09	310	2020-11-28	HomeMart SL	True	
472	Mini 4K 0471	Libreria	587.75	207	2020-11-29	HomeMart SL	True	
473	Plus 2000 0472	Deporte	296.02	105	2020-11-30	TechCorp SL	True	
474	Mini 3000 0473	Libreria	532.87	445	2020-12-01	ModaPlus SA	True	
475	Ultra 4K 0474	Deporte	392.18	157	2020-12-01	FoodImport SA	True	31.6
476	Mini 3000 0475	Hogar	885.97	120	2020-12-02	FoodImport SA	True	
477	Basic 2000 0476	Deporte	138.01	54	2020-12-03	SportZone SL	True	38.2
478	Basic 2000 0477	Electronica	420.27	399	2020-12-03	HomeMart SL	True	
479	Mini Z 0478	Deporte	613.68	11	2020-12-04	HomeMart SL	True	26.7
480	Ultra XL 0479	Hogar	358.4	144	2020-12-05	HomeMart SL	True	
481	Basic M 0480	Alimentacion	877.32	399	2020-12-06	FoodImport SA	True	31.6
482	Smart HD 0481	Libreria	650.8	395	2020-12-06	SportZone SL	True	
483	Smart L 0482	Deporte	592.65	135	2020-12-07	TechCorp SL	True	
484	Plus 4K 0483	Libreria	682.32	467	2020-12-08	ModaPlus SA	True	21.1
485	Smart HD 0484	Ropa	857.56	2	2020-12-08	TechCorp SL	False	24.6
486	Pro 2000 0485	Electronica	817.4	143	2020-12-09	FoodImport SA	True	
487	Mini 4K 0486	Electronica	652.95	29	2020-12-10	HomeMart SL	True	
488	Mini HD 0487	Ropa	675.24	236	2020-12-10	ModaPlus SA	True	36.4
489	Pro S 0488	Ropa	134.74	278	2020-12-11	FoodImport SA	True	
490	Pro S 0489	Deporte	96.09	347	2020-12-12	FoodImport SA	True	9.8
491	Ultra M 0490	Ropa	515.52	114	2020-12-13	FoodImport SA	True	
492	Pro Z 0491	Alimentacion	20.45	103	2020-12-13	ModaPlus SA	True	
493	Smart S 0492	Libreria	436.18	117	2020-12-14	ModaPlus SA	True	
494	Smart XL 0493	Libreria	192.46	4	2020-12-15	SportZone SL	False	
495	Ultra 3000 0494	Hogar	314.02	467	2020-12-15	SportZone SL	True	8.8
496	Eco X 0495	Ropa	699.11	359	2020-12-16	TechCorp SL	True	
497	Plus M 0496	Ropa	847.34	247	2020-12-17	ModaPlus SA	False	22.4
498	Ultra HD 0497	Alimentacion	68.87	363	2020-12-18	ModaPlus SA	True	
499	Max XL 0498	Electronica	482.67	320	2020-12-18	ModaPlus SA	True	
500	Plus 4K 0499	Electronica	794.74	120	2020-12-19	SportZone SL	True	
501	Eco Z 0500	Libreria	77.92	285	2020-12-20	FoodImport SA	True	12.7
502	Basic 3000 0501	Libreria	742.75	148	2020-12-20	HomeMart SL	True	21.1
503	Basic XL 0502	Deporte	324.58	83	2020-12-21	SportZone SL	True	
504	Max HD 0503	Alimentacion	292.59	453	2020-12-22	ModaPlus SA	True	
505	Pro L 0504	Hogar	879.8	405	2020-12-23	SportZone SL	True	12.5
506	Mini L 0505	Hogar	183.96	465	2020-12-23	TechCorp SL	True	
507	Mini XL 0506	Alimentacion	625.09	455	2020-12-24	ModaPlus SA	True	5.5
508	Smart S 0507	Hogar	740.0	230	2020-12-25	TechCorp SL	True	
509	Mini 3000 0508	Electronica	40.89	287	2020-12-25	ModaPlus SA	False	
510	Smart HD 0509	Hogar	604.66	160	2020-12-26	SportZone SL	True	
511	Smart M 0510	Hogar	856.58	271	2020-12-27	FoodImport SA	False	29.4
512	Basic 3000 0511	Alimentacion	115.29	459	2020-12-27	HomeMart SL	False	
513	Max S 0512	Alimentacion	807.0	37	2020-12-28	TechCorp SL	True	38.4
514	Eco XL 0513	Hogar	536.91	499	2020-12-29	SportZone SL	True	
515	Ultra S 0514	Ropa	556.47	225	2020-12-30	FoodImport SA	True	18.7
516	Plus S 0515	Alimentacion	553.19	141	2020-12-30	SportZone SL	True	
517	Smart XL 0516	Deporte	271.75	291	2020-12-31	TechCorp SL	True	
518	Mini X 0517	Deporte	841.93	480	2021-01-01	HomeMart SL	True	
519	Mini 3000 0518	Electronica	852.82	150	2021-01-01	SportZone SL	True	
520	Mini M 0519	Hogar	564.26	113	2021-01-02	ModaPlus SA	False	
521	Mini HD 0520	Ropa	705.94	236	2021-01-03	FoodImport SA	False	
522	Ultra 3000 0521	Electronica	552.57	65	2021-01-04	SportZone SL	True	
523	Ultra M 0522	Hogar	438.01	360	2021-01-04	FoodImport SA	True	
524	Max L 0523	Alimentacion	596.08	340	2021-01-05	ModaPlus SA	True	
525	Mini 4K 0524	Deporte	499.48	257	2021-01-06	HomeMart SL	True	
526	Mini S 0525	Libreria	539.33	474	2021-01-06	HomeMart SL	True	
527	Basic S 0526	Ropa	706.3	248	2021-01-07	ModaPlus SA	True	
528	Pro S 0527	Libreria	434.88	456	2021-01-08	FoodImport SA	True	18.2
529	Pro X 0528	Deporte	40.51	448	2021-01-09	SportZone SL	False	24.3
530	Ultra XL 0529	Libreria	150.93	330	2021-01-09	ModaPlus SA	True	33.2
531	Max S 0530	Alimentacion	396.98	322	2021-01-10	TechCorp SL	True	
532	Max M 0531	Hogar	653.43	179	2021-01-11	FoodImport SA	True	33.3
533	Pro XL 0532	Alimentacion	535.57	189	2021-01-11	HomeMart SL	True	
534	Ultra 3000 0533	Libreria	586.65	406	2021-01-12	ModaPlus SA	True	
535	Ultra L 0534	Alimentacion	433.42	153	2021-01-13	HomeMart SL	False	
536	Smart 4K 0535	Deporte	555.69	195	2021-01-13	FoodImport SA	True	13.9
537	Plus Z 0536	Ropa	298.79	465	2021-01-14	HomeMart SL	True	13.6
538	Max 3000 0537	Alimentacion	425.27	310	2021-01-15	ModaPlus SA	True	
539	Ultra S 0538	Deporte	670.86	261	2021-01-16	FoodImport SA	True	
540	Pro L 0539	Ropa	785.15	418	2021-01-16	TechCorp SL	True	5.0
541	Pro X 0540	Hogar	392.55	405	2021-01-17	ModaPlus SA	True	
542	Pro 3000 0541	Libreria	43.11	426	2021-01-18	SportZone SL	True	
543	Mini 2000 0542	Hogar	148.85	142	2021-01-18	ModaPlus SA	True	
544	Basic X 0543	Electronica	22.68	341	2021-01-19	FoodImport SA	True	
545	Max Z 0544	Deporte	589.31	315	2021-01-20	ModaPlus SA	True	
546	Mini L 0545	Ropa	301.74	100	2021-01-21	TechCorp SL	False	
547	Eco HD 0546	Alimentacion	490.05	243	2021-01-21	TechCorp SL	True	
548	Ultra M 0547	Hogar	445.97	489	2021-01-22	SportZone SL	True	
549	Basic X 0548	Ropa	77.04	11	2021-01-23	HomeMart SL	True	
550	Eco XL 0549	Deporte	365.31	238	2021-01-23	FoodImport SA	True	
551	Plus 3000 0550	Electronica	201.61	48	2021-01-24	FoodImport SA	True	
552	Basic HD 0551	Hogar	378.88	41	2021-01-25	HomeMart SL	True	
553	Max M 0552	Libreria	186.4	165	2021-01-26	TechCorp SL	True	
554	Max L 0553	Ropa	757.04	81	2021-01-26	TechCorp SL	False	
555	Max M 0554	Libreria	160.07	428	2021-01-27	ModaPlus SA	True	
556	Basic 4K 0555	Ropa	864.85	290	2021-01-28	SportZone SL	False	18.5
557	Mini S 0556	Ropa	376.64	157	2021-01-28	SportZone SL	True	
558	Pro 4K 0557	Deporte	762.23	215	2021-01-29	SportZone SL	False	
559	Pro Z 0558	Deporte	567.36	489	2021-01-30	ModaPlus SA	True	
560	Eco 3000 0559	Deporte	662.86	157	2021-01-30	SportZone SL	True	36.6
561	Smart 3000 0560	Alimentacion	691.87	461	2021-01-31	HomeMart SL	False	
562	Mini M 0561	Ropa	456.33	133	2021-02-01	ModaPlus SA	True	39.1
563	Max XL 0562	Hogar	490.79	66	2021-02-02	HomeMart SL	False	
564	Pro 2000 0563	Libreria	464.53	335	2021-02-02	ModaPlus SA	True	34.4
565	Smart X 0564	Deporte	530.89	6	2021-02-03	SportZone SL	True	
566	Pro X 0565	Deporte	30.33	435	2021-02-04	HomeMart SL	True	13.0
567	Pro 2000 0566	Libreria	358.37	13	2021-02-04	HomeMart SL	False	
568	Ultra L 0567	Libreria	547.14	72	2021-02-05	HomeMart SL	True	
569	Eco 3000 0568	Ropa	539.55	398	2021-02-06	ModaPlus SA	True	28.8
570	Basic 2000 0569	Deporte	714.48	404	2021-02-07	FoodImport SA	True	
571	Basic XL 0570	Libreria	590.88	162	2021-02-07	SportZone SL	True	20.1
572	Mini M 0571	Alimentacion	892.94	65	2021-02-08	HomeMart SL	True	30.2
573	Smart M 0572	Alimentacion	258.32	346	2021-02-09	FoodImport SA	True	
574	Eco 4K 0573	Deporte	325.79	129	2021-02-09	SportZone SL	True	
575	Eco S 0574	Libreria	347.92	418	2021-02-10	SportZone SL	True	
576	Smart X 0575	Ropa	421.36	465	2021-02-11	HomeMart SL	True	
577	Plus 2000 0576	Ropa	753.04	205	2021-02-12	HomeMart SL	False	
578	Basic S 0577	Ropa	215.26	275	2021-02-12	ModaPlus SA	True	20.1
579	Max XL 0578	Electronica	699.29	465	2021-02-13	FoodImport SA	True	36.6
580	Pro X 0579	Deporte	367.15	255	2021-02-14	FoodImport SA	True	
581	Max L 0580	Ropa	543.25	265	2021-02-14	HomeMart SL	True	
582	Basic 2000 0581	Alimentacion	570.75	24	2021-02-15	SportZone SL	True	
583	Pro S 0582	Libreria	338.06	449	2021-02-16	HomeMart SL	True	
584	Mini Z 0583	Hogar	463.29	280	2021-02-16	SportZone SL	True	
585	Ultra L 0584	Hogar	374.07	252	2021-02-17	SportZone SL	False	
586	Basic 4K 0585	Ropa	65.93	309	2021-02-18	HomeMart SL	True	
587	Pro XL 0586	Hogar	395.69	288	2021-02-19	TechCorp SL	False	
588	Mini S 0587	Hogar	91.25	163	2021-02-19	FoodImport SA	False	
589	Max 3000 0588	Electronica	366.89	94	2021-02-20	SportZone SL	True	25.8
590	Plus 3000 0589	Alimentacion	535.24	269	2021-02-21	SportZone SL	True	6.1
591	Smart 3000 0590	Alimentacion	523.15	320	2021-02-21	TechCorp SL	True	
592	Max S 0591	Electronica	597.7	109	2021-02-22	ModaPlus SA	True	
593	Plus Z 0592	Electronica	89.34	335	2021-02-23	TechCorp SL	True	15.3
594	Basic M 0593	Hogar	588.29	309	2021-02-24	TechCorp SL	True	
595	Basic S 0594	Deporte	283.67	237	2021-02-24	SportZone SL	True	
596	Plus 4K 0595	Libreria	361.54	380	2021-02-25	FoodImport SA	True	
597	Basic L 0596	Libreria	772.75	435	2021-02-26	TechCorp SL	True	
598	Plus 4K 0597	Hogar	12.08	386	2021-02-26	ModaPlus SA	True	
599	Eco XL 0598	Libreria	531.21	482	2021-02-27	HomeMart SL	False	
600	Mini 3000 0599	Electronica	540.44	424	2021-02-28	TechCorp SL	True	
