time,latitude,longitude,depth,mag,magType,nst,gap,dmin,rms,net,id,updated,place,type,horizontalError,depthError,magError,magNst,status,locationSource,magSource
2024-03-30T16:28:57.456Z,52.1143,178.3963,109,5.8,mww,326,25,0.163,0.87,us,us7000m8yd,2026-03-15T21:16:37.286Z,"Rat Islands, Aleutian Islands, Alaska",earthquake,6.14,1.727,0.035,77,reviewed,us,us
2024-03-29T09:57:05.507Z,-4.562,149.5876,570.902,5.6,mww,127,34,3.343,0.54,us,us7000m8qr,2024-06-01T21:55:49.040Z,"125 km NNW of Kimbe, Papua New Guinea",earthquake,5.44,5.368,0.08,15,reviewed,us,us
2024-03-29T07:12:48.063Z,37.3224,21.2557,26.873,5.8,mww,209,32,0.553,1.16,us,us7000m8q9,2024-06-01T21:55:49.040Z,"34 km WNW of Filiatras, Greece",earthquake,5.89,3.694,0.043,52,reviewed,us,us
2024-03-27T03:23:02.962Z,42.3102,-126.7243,10,5.6,mww,130,116,1.762,0.55,us,us7000m875,2026-03-12T21:16:42.082Z,"189 km WSW of Port Orford, Oregon",earthquake,2.83,1.796,0.034,81,reviewed,us,us
2024-03-27T01:28:17.689Z,-21.0715,173.7373,10,6.4,mww,81,43,5.247,0.79,us,us7000m86i,2024-06-01T21:55:47.040Z,"Vanuatu region",earthquake,9.36,1.74,0.043,53,reviewed,us,us
2024-03-25T17:00:02.616Z,-59.0543,158.6349,10,5.5,mww,33,114,4.571,0.75,us,us7000m7xz,2024-06-01T21:55:46.040Z,"Macquarie Island region",earthquake,13.38,1.916,0.071,19,reviewed,us,us
2024-03-25T05:22:17.065Z,16.5556,-46.462,10,5.5,mww,301,54,12.889,0.56,us,us6000ml19,2024-06-01T21:55:46.040Z,"northern Mid-Atlantic Ridge",earthquake,9.49,1.85,0.06,27,reviewed,us,us
2024-03-24T03:04:07.847Z,-9.4207,122.1832,62.174,5.7,mww,126,52,2.082,0.98,us,us6000mkvx,2024-05-27T14:19:23.040Z,"85 km SE of Ende, Indonesia",earthquake,8.03,4.007,0.103,9,reviewed,us,us
2024-03-23T20:22:04.348Z,-4.1292,143.134,41.464,6.9,mww,147,32,2.909,0.76,us,us6000mksx,2024-10-09T09:07:01.269Z,"36 km ENE of Ambunti, Papua New Guinea",earthquake,8.06,2.476,0.047,44,reviewed,us,us
2024-03-22T08:52:58.999Z,-5.8754,112.3646,9.471,6.4,mww,208,39,2.239,0.62,us,us6000mkfz,2025-08-01T14:22:58.804Z,"110 km N of Paciran, Indonesia",earthquake,5.96,3.096,0.038,65,reviewed,us,us
2024-03-22T04:22:45.531Z,-5.8155,112.3187,10,5.6,mww,89,27,2.233,1.12,us,us6000mkej,2026-02-21T22:26:19.186Z,"117 km N of Paciran, Indonesia",earthquake,6.94,1.745,0.069,20,reviewed,us,us
2024-03-20T05:48:18.048Z,-56.2515,-27.259,89,5.6,mww,108,32,5.633,1.04,us,us6000mjx0,2024-05-27T14:19:19.040Z,"South Sandwich Islands region",earthquake,9.49,1.831,0.078,16,reviewed,us,us
2024-03-19T18:07:02.532Z,-56.4959,-143.3884,10,5.5,mww,24,64,32.845,0.76,us,us6000mk0i,2024-05-27T14:19:20.040Z,"Pacific-Antarctic Ridge",earthquake,8.71,1.837,0.117,7,reviewed,us,us
2024-03-19T02:25:31.684Z,-31.2982,-179.131,9.961,5.5,mww,53,48,2.284,0.56,us,us6000mjpw,2024-05-27T14:19:19.040Z,"Kermadec Islands region",earthquake,11.63,3.368,0.06,27,reviewed,us,us
2024-03-19T00:35:18.851Z,29.6902,65.3791,8,5.5,mww,279,22,5.769,0.55,us,us6000mjpj,2025-02-15T17:59:58.381Z,"64 km WNW of Nushki, Pakistan",earthquake,7.64,1.75,0.068,21,reviewed,us,us
2024-03-17T00:44:02.920Z,12.3856,-87.6546,48,5.6,mww,180,91,0.692,1.08,us,us6000mjct,2024-05-18T21:23:27.040Z,"45 km SSW of Jiquilillo, Nicaragua",earthquake,7.04,1.924,0.05,38,reviewed,us,us
2024-03-16T00:14:51.989Z,-58.935,158.3538,10,5.9,mww,57,52,4.46,0.5,us,us6000mj77,2024-05-18T21:23:15.040Z,"Macquarie Island region",earthquake,11.01,1.827,0.06,27,reviewed,us,us
2024-03-15T10:32:50.046Z,28.4192,130.1034,20,5.6,mww,238,78,2.264,0.51,us,us6000mj1l,2024-05-18T21:23:04.040Z,"49 km E of Tatsugo, Japan",earthquake,6.13,1.807,0.046,46,reviewed,us,us
2024-03-14T21:10:24.786Z,29.7971,-42.6608,10,6.2,mww,189,54,16.297,0.59,us,us6000miy6,2024-05-18T21:22:58.040Z,"northern Mid-Atlantic Ridge",earthquake,9.43,1.776,0.037,71,reviewed,us,us
2024-03-14T15:14:35.701Z,37.083,141.1231,44,5.6,mww,122,71,2.4,0.78,us,us6000miuf,2025-09-13T15:42:22.364Z,"21 km E of Iwaki, Japan",earthquake,1.82,1.896,0.066,22,reviewed,us,us
2024-03-13T20:06:34.414Z,-49.6592,125.8833,10,5.5,mww,77,40,16.252,0.91,us,us6000mipe,2024-05-18T21:22:44.040Z,"western Indian-Antarctic Ridge",earthquake,9.73,1.755,0.068,21,reviewed,us,us
2024-03-13T18:56:14.833Z,-0.1457,125.2455,39,5.7,mww,150,28,2.309,0.97,us,us6000minw,2024-05-18T21:22:43.040Z,"111 km SE of Modisi, Indonesia",earthquake,6.95,1.838,0.065,23,reviewed,us,us
2024-03-13T15:13:22.779Z,-5.831,150.6843,44,6,mww,142,29,4.981,0.96,us,us6000milg,2024-05-18T21:22:41.040Z,"68 km ESE of Kimbe, Papua New Guinea",earthquake,8.19,1.917,0.041,56,reviewed,us,us
2024-03-08T09:11:45.110Z,5.8168,126.9407,115,6,mww,182,52,1.838,0.59,us,us7000m439,2024-05-15T17:35:02.040Z,"103 km SE of Pondaguitan, Philippines",earthquake,8.01,1.894,0.033,88,reviewed,us,us
2024-03-07T10:06:30.797Z,33.5389,92.9927,10,5.6,mww,179,26,4.142,0.57,us,us7000m3ur,2024-05-15T17:35:03.040Z,"244 km NNE of Nagqu, China",earthquake,7.24,1.832,0.089,12,reviewed,us,us
2024-03-07T08:20:10.597Z,9.7718,-86.3228,9,5.6,mww,265,143,1.445,0.61,us,us7000m3ud,2024-10-12T18:01:27.679Z,"78 km SW of Tamarindo, Costa Rica",earthquake,6.3,1.882,0.029,113,reviewed,us,us
2024-03-05T19:52:52.612Z,-59.1953,158.7607,10,6.1,mww,77,41,4.71,1.18,us,us6000mgyj,2024-05-15T17:35:05.040Z,"Macquarie Island region",earthquake,11.98,1.775,0.05,38,reviewed,us,us
2024-03-03T16:16:53.995Z,-58.8881,159.1441,23.187,6.8,mww,49,58,4.403,0.57,us,us6000mghc,2024-05-10T21:25:58.040Z,"Macquarie Island region",earthquake,10.52,3.009,0.037,72,reviewed,us,us
2024-03-02T00:26:40.579Z,-20.5625,-178.3442,546.098,5.8,mww,129,32,2.998,0.53,us,us6000mg8a,2024-05-10T21:25:57.040Z,"Fiji region",earthquake,9.82,3.248,0.066,22,reviewed,us,us
2024-03-01T17:29:44.950Z,11.5105,57.6508,8.034,5.9,mww,255,18,13.433,0.93,us,us6000mg58,2024-05-10T21:25:57.040Z,"Owen Fracture Zone region",earthquake,8.31,2.95,0.059,28,reviewed,us,us
2024-02-28T15:50:21.854Z,52.0016,179.5832,119.968,5.5,mww,144,27,0.005,0.83,us,us6000mflq,2026-02-13T17:02:39.335Z,"260 km W of Adak, Alaska",earthquake,6.27,4.114,0.043,51,reviewed,us,us
2024-02-25T13:07:04.300Z,-7.3405,105.9282,34,5.6,mww,133,54,1.712,0.72,us,us7000m1h8,2024-05-02T15:50:14.040Z,"79 km WSW of Pelabuhanratu, Indonesia",earthquake,7.95,1.798,0.056,31,reviewed,us,us
2024-02-23T01:51:13.973Z,-35.0892,-110.7745,10,6.3,mww,98,38,7.986,0.86,us,us7000m0zq,2024-05-02T15:50:12.040Z,"southern East Pacific Rise",earthquake,9.49,1.767,0.057,30,reviewed,us,us
2024-02-21T12:11:31.245Z,-0.8908,146.0892,10,5.5,mww,104,51,5.62,0.46,us,us7000m0jb,2024-05-02T15:50:12.040Z,"182 km NW of Lorengau, Papua New Guinea",earthquake,8.72,1.85,0.066,22,reviewed,us,us
2024-02-18T07:29:20.068Z,-16.0835,-174.6161,222.062,5.6,mww,130,44,3.816,0.77,us,us7000lzz2,2024-04-24T14:42:05.040Z,"88 km W of Hihifo, Tonga",earthquake,7.25,3.702,0.062,25,reviewed,us,us
2024-02-18T06:06:54.422Z,-15.3176,-175.3142,10,5.5,mww,105,53,2.894,0.63,us,us7000lzyu,2024-04-24T14:42:05.040Z,"177 km WNW of Hihifo, Tonga",earthquake,6.96,1.429,0.098,10,reviewed,us,us
2024-02-14T18:58:34.115Z,-16.6583,172.8779,8,5.6,mww,166,27,5.063,0.63,us,us7000lz8a,2024-04-24T14:42:02.040Z,"Vanuatu region",earthquake,8.28,1.728,0.04,60,reviewed,us,us
2024-02-14T11:40:22.125Z,11.0047,138.5725,14,6,mww,143,56,6.667,0.68,us,us7000lz5f,2024-04-24T14:42:02.040Z,"171 km NNE of Colonia, Micronesia",earthquake,9.99,1.869,0.04,59,reviewed,us,us
2024-02-14T04:30:56.615Z,-58.2846,-25.0267,23,5.7,mww,111,33,7.531,0.71,us,us7000lz2v,2024-04-24T14:42:02.040Z,"South Sandwich Islands region",earthquake,9.03,1.74,0.068,21,reviewed,us,us
2024-02-14T01:31:41.819Z,-28.8913,-71.4208,28,5.8,mww,141,72,0.642,0.56,us,us7000lz23,2024-04-24T14:42:02.040Z,"73 km WSW of Vallenar, Chile",earthquake,3.92,1.769,0.046,46,reviewed,us,us
2024-02-12T11:19:34.858Z,22.0086,142.7919,236,6.1,mww,168,23,5.095,0.89,us,us7000lym6,2026-01-27T16:58:43.673Z,"Volcano Islands, Japan region",earthquake,5.68,1.86,0.034,81,reviewed,us,us
2024-02-10T03:22:06.930Z,8.6822,125.568,32,5.8,mww,103,43,1.602,0.83,us,us7000ly6w,2024-09-04T09:53:25.115Z,"8 km W of Esperanza, Philippines",earthquake,8.66,1.825,0.043,52,reviewed,us,us
2024-02-09T20:06:31.660Z,19.186833333333,-155.49316666667,36.97,5.88,ml,62,73,0.04288,0.11,hv,hv74103036,2026-08-15T22:49:42.744Z,"2 km SW of Pahala, Hawaii",earthquake,0.38,0.51,0.31,40,reviewed,hv,hv
2024-02-09T10:57:48.482Z,-29.9268,-177.2323,13,6.1,mww,210,26,0.893,0.74,us,us7000lxyv,2024-04-20T19:34:37.040Z,"Kermadec Islands, New Zealand",earthquake,6.62,1.373,0.041,56,reviewed,us,us
2024-01-31T10:49:35.461Z,-22.8357,-177.1449,176,5.8,mww,165,32,2.448,0.78,us,us7000lv7d,2024-04-13T19:29:12.040Z,"264 km SW of Houma, Tonga",earthquake,10,1.93,0.068,21,reviewed,us,us
2024-01-29T22:27:41.948Z,41.1985,78.6388,10,5.7,mww,326,24,0.821,0.56,us,us7000luuy,2024-04-13T19:27:07.040Z,"128 km WNW of Aykol, China",earthquake,4.94,1.734,0.056,31,reviewed,us,us
2024-01-28T09:38:56.538Z,-8.236,-71.4005,621.081,6.5,mww,237,40,6.526,0.86,us,us7000lui3,2024-03-30T22:34:43.040Z,"70 km W of Tarauaca, Brazil",earthquake,7.28,2.996,0.062,25,reviewed,us,us
2024-01-27T05:52:48.419Z,14.0636,-90.6159,90,6.1,mww,134,57,0.479,0.84,us,us7000luai,2024-09-15T05:04:21.428Z,"15 km W of Taxisco, Guatemala",earthquake,7.28,1.935,0.033,87,reviewed,us,us
2024-01-25T23:01:02.114Z,-1.1487,-13.9615,10,5.5,mww,89,39,6.751,0.46,us,us7000ltus,2024-03-30T22:33:39.040Z,"north of Ascension Island",earthquake,5.98,1.785,0.062,25,reviewed,us,us
2024-01-25T12:24:12.531Z,-8.2065,121.1669,21.643,5.6,mww,85,54,3.41,0.99,us,us7000ltpz,2024-03-30T22:33:30.040Z,"89 km NW of Ende, Indonesia",earthquake,6.69,2.555,0.06,27,reviewed,us,us
2024-01-23T14:33:45.022Z,-17.9827,168.0499,31,6.3,mww,248,38,4.339,0.71,us,us7000lt73,2024-06-18T21:50:31.741Z,"39 km SW of Port-Vila, Vanuatu",earthquake,7.83,1.092,0.052,36,reviewed,us,us
2024-01-22T19:36:47.834Z,41.2085,78.6438,10,5.5,mb,133,59,0.432,0.65,us,us7000lt0j,2024-03-30T22:32:28.040Z,"128 km WNW of Aykol, China",earthquake,6.16,1.83,0.029,410,reviewed,us,us
2024-01-22T18:14:16.160Z,41.2703,78.6211,10,5.8,mb,142,59,0.454,0.53,us,us7000lt1i,2024-03-30T22:32:31.040Z,"129 km SSE of Kyzyl-Suu, Kyrgyzstan",earthquake,6.42,1.848,0.055,119,reviewed,us,us
2024-01-22T18:09:04.340Z,41.2555,78.6538,13,7,mww,121,29,0.428,0.64,us,us7000lsze,2025-11-29T17:59:35.418Z,"128 km WNW of Aykol, China",earthquake,4.68,1.811,0.054,33,reviewed,us,us
2024-01-20T22:09:39.708Z,-39.93,46.1966,10,6.2,mww,102,18,7.701,0.62,us,us6000m53t,2024-03-29T17:37:55.040Z,"Southwest Indian Ridge",earthquake,8.37,1.776,0.075,17,reviewed,us,us
2024-01-20T21:31:05.092Z,-7.2879,-71.464,607,6.6,mww,185,36,7.065,0.69,us,us6000m52p,2025-02-10T17:01:03.186Z,"123 km NW of Tarauaca, Brazil",earthquake,9.42,1.919,0.073,18,reviewed,us,us
2024-01-20T15:48:40.121Z,18.5192,145.6341,184,6.1,mww,302,10,3.263,1.01,us,us6000m50e,2026-01-04T20:54:36.536Z,"Pagan region, Northern Mariana Islands",earthquake,6.38,1.758,0.034,82,reviewed,us,us
2024-01-19T11:26:03.598Z,4.7429,-75.8481,65.067,5.6,mww,196,37,1.473,0.73,us,us6000m4n2,2024-03-29T17:37:53.040Z,"7 km E of Cartago, Colombia",earthquake,7.03,4.294,0.047,43,reviewed,us,us
2024-01-19T04:57:13.544Z,-13.5862,166.8644,32,5.5,mww,90,26,7.351,1.13,us,us6000m4lx,2024-03-29T17:37:53.040Z,"80 km WNW of Sola, Vanuatu",earthquake,8.16,1.803,0.066,22,reviewed,us,us
2024-01-18T22:12:21.755Z,-18.9103,-175.4225,209,6.4,mww,121,22,1.372,0.7,us,us6000m4js,2024-03-29T17:37:53.040Z,"148 km NW of Fangaleo, Tonga",earthquake,9.77,1.878,0.038,66,reviewed,us,us
2024-01-18T12:46:11.570Z,-55.3553,-28.506,8,5.6,mww,98,18,4.74,0.71,us,us6000m4ej,2024-03-29T17:37:53.040Z,"South Sandwich Islands region",earthquake,9.49,1.679,0.068,21,reviewed,us,us
2024-01-18T04:50:01.458Z,-21.6325,-176.3137,155,5.8,mww,214,36,1.132,0.61,us,us6000m4c9,2024-03-29T17:37:52.040Z,"116 km WSW of Houma, Tonga",earthquake,4.66,1.875,0.083,14,reviewed,us,us
2024-01-17T12:32:01.191Z,8.558,126.5225,39,5.6,mww,161,79,1.749,0.92,us,us6000m45x,2024-03-29T17:37:52.040Z,"29 km NE of Hinatuan, Philippines",earthquake,8.91,1.939,0.048,41,reviewed,us,us
2024-01-12T07:46:21.171Z,56.4383,-135.7137,11.1,5.9,mww,,,,0.93,ak,ak024jyw3sk,2025-12-27T20:54:39.081Z,"69 km WNW of Port Alexander, Alaska",earthquake,,0.8,,,reviewed,ak,ak
2024-01-11T09:20:26.337Z,36.4979,70.6013,204,6.4,mww,140,17,3.122,1.02,us,us6000m31m,2024-03-16T19:00:18.040Z,"45 km SSW of Jurm, Afghanistan",earthquake,6.09,1.879,0.039,62,reviewed,us,us
2024-01-09T08:59:10.141Z,37.8629,137.7814,10,5.9,mww,147,24,0.416,0.88,us,us6000m2ny,2024-03-16T19:00:09.040Z,"53 km WSW of Sado, Japan",earthquake,6.73,1.692,0.047,43,reviewed,us,us
2024-01-09T07:53:21.240Z,-20.8063,-173.6067,10,5.6,mww,79,46,1.535,1.35,us,us6000m2nr,2024-03-16T19:00:08.040Z,"134 km SE of Pangai, Tonga",earthquake,7.96,1.775,0.059,28,reviewed,us,us
2024-01-08T20:48:42.361Z,4.9225,126.1575,62.574,6.7,mww,138,22,2.209,0.76,us,us6000m2jp,2024-03-16T19:00:03.040Z,"93 km SE of Sarangani, Philippines",earthquake,7.15,3.404,0.06,27,reviewed,us,us
2024-01-07T20:00:07.311Z,-62.3294,165.3253,10,5.5,mww,34,120,8.533,0.5,us,us6000m2d7,2024-03-09T21:40:02.040Z,"Balleny Islands region",earthquake,11.98,1.893,0.066,22,reviewed,us,us
2024-01-07T18:06:11.273Z,-62.2113,165.5051,10,5.6,mww,31,122,8.465,0.43,us,us6000m2cv,2024-03-09T21:40:00.040Z,"Balleny Islands region",earthquake,12.45,1.905,0.078,16,reviewed,us,us
2024-01-06T12:33:02.528Z,-24.4019,-116.0254,10,5.5,mwb,104,65,6.614,0.53,us,us6000m27f,2024-03-09T21:39:45.040Z,"southern East Pacific Rise",earthquake,11.85,1.802,0.103,9,reviewed,us,us
2024-01-06T11:46:31.666Z,3.1484,65.4881,10,5.6,mww,144,28,8.468,0.56,us,us6000m26y,2024-03-09T21:39:44.040Z,"Carlsberg Ridge",earthquake,8.75,1.811,0.089,12,reviewed,us,us
2024-01-04T04:56:37.532Z,-21.1187,-176.5067,197,5.7,mww,243,20,1.217,0.62,us,us6000m1ld,2024-03-09T21:39:13.040Z,"125 km W of Houma, Tonga",earthquake,11.39,1.893,0.048,42,reviewed,us,us
2024-01-03T08:04:04.468Z,-28.4508,-68.8167,117,5.5,mww,124,29,1.743,1.19,us,us6000m1cg,2024-03-09T21:38:58.040Z,"68 km WNW of Vinchina, Argentina",earthquake,5.97,1.854,0.043,52,reviewed,us,us
2024-01-01T09:08:17.603Z,37.5146,137.4029,10,5.6,mb,146,50,0.856,0.71,us,us6000m0ya,2024-03-09T21:38:22.040Z,"54 km NE of Anamizu, Japan",earthquake,4.11,1.793,0.021,781,reviewed,us,us
2024-01-01T09:03:48.859Z,37.5339,137.4185,10,5.5,mb,130,43,0.835,0.73,us,us6000m0y9,2024-03-09T21:38:22.040Z,"56 km NE of Anamizu, Japan",earthquake,5.08,1.722,0.023,662,reviewed,us,us
2024-01-01T07:56:47.661Z,37.2997,136.8875,10,5.6,mww,148,67,1.296,0.52,us,us6000m0xt,2024-03-09T21:38:18.040Z,"7 km N of Anamizu, Japan",earthquake,6.64,1.795,0.098,10,reviewed,us,us
2024-01-01T07:18:41.584Z,37.1895,136.8272,10,6.2,mb,185,32,1.278,0.4,us,us6000m0xm,2025-01-04T22:53:01.431Z,"8 km SW of Anamizu, Japan",earthquake,1.95,1.794,0.024,672,reviewed,us,us
2024-01-01T07:10:09.476Z,37.4874,137.271,10,7.5,mww,282,36,0.957,0.55,us,us6000m0xl,2026-07-29T08:13:38.562Z,"2024 Noto Peninsula Japan Earthquake",earthquake,4.03,1.807,0.034,82,reviewed,us,us
2024-01-01T07:06:05.477Z,37.4933,137.2491,10,5.8,mb,279,53,0.968,0.47,us,us6000m0xj,2024-03-09T21:38:16.040Z,"42 km NE of Anamizu, Japan",earthquake,2.05,1.792,0.021,784,reviewed,us,us