id;ciudad;importe;fecha
1;Córdoba;1337,71;01/01/2023
2;Málaga;497,23;02/01/2023
3;Gerona;1435,94;03/01/2023
4;Málaga;1199,88;04/01/2023
5;Córdoba;431,48;05/01/2023
6;Almería;1703,71;06/01/2023
7;Castillón;860,53;07/01/2023
8;Almería;1924,34;08/01/2023
9;Málaga;1448,57;09/01/2023
10;Tarragón;1292,68;10/01/2023
11;Málaga;1459,42;11/01/2023
12;León;961,41;12/01/2023
13;Lleida;1015,4;13/01/2023
14;Múrcia;1703,9;14/01/2023
15;León;1365,05;15/01/2023
16;Córdoba;1795,51;16/01/2023
17;Cádiz;1782,75;17/01/2023
18;Almería;1953,22;18/01/2023
19;Gerona;1403,43;19/01/2023
20;León;1009,58;20/01/2023
21;Castillón;340,96;21/01/2023
22;Almería;1413,71;22/01/2023
23;León;590,24;23/01/2023
24;Tarragón;573,07;24/01/2023
25;Múrcia;484,19;25/01/2023
26;Málaga;1751,49;26/01/2023
27;Málaga;1737,25;27/01/2023
28;León;1265,63;28/01/2023
29;Córdoba;951,23;29/01/2023
30;Castillón;1347,51;30/01/2023
31;Córdoba;1218,39;31/01/2023
32;Almería;837,31;01/02/2023
33;Lleida;765,47;02/02/2023
34;Múrcia;771,76;03/02/2023
35;Múrcia;1182,38;04/02/2023
36;Málaga;1298,86;05/02/2023
37;Múrcia;908,97;06/02/2023
38;Córdoba;1937,7;07/02/2023
39;Castillón;176,85;08/02/2023
40;Castillón;700,62;09/02/2023
41;Málaga;843,96;10/02/2023
42;León;43,67;11/02/2023
43;Castillón;736,26;12/02/2023
44;Córdoba;554,68;13/02/2023
45;Cádiz;1017,01;14/02/2023
46;León;679,46;15/02/2023
47;Lleida;1455,1;16/02/2023
48;Gerona;1024,77;17/02/2023
49;Tarragón;268,23;18/02/2023
50;Múrcia;1502,62;19/02/2023
51;Múrcia;207,47;20/02/2023
52;Cádiz;1679,71;21/02/2023
53;León;1863,53;22/02/2023
54;Málaga;651,67;23/02/2023
55;Córdoba;1853,02;24/02/2023
56;Cádiz;1588,09;25/02/2023
57;Tarragón;1845,65;26/02/2023
58;Castillón;1335,88;27/02/2023
59;Málaga;478,93;28/02/2023
60;Gerona;1790,1;01/03/2023
61;Málaga;376,69;02/03/2023
62;Cádiz;433,99;03/03/2023
63;Lleida;549,42;04/03/2023
64;Cádiz;615,45;05/03/2023
65;Cádiz;1033,81;06/03/2023
66;Cádiz;1429,78;07/03/2023
67;Málaga;1853,15;08/03/2023
68;Cádiz;185,99;09/03/2023
69;León;1909,2;10/03/2023
70;Málaga;1843,43;11/03/2023
71;Castillón;117,46;12/03/2023
72;León;727,04;13/03/2023
73;Tarragón;1628,16;14/03/2023
74;Castillón;1227,04;15/03/2023
75;Gerona;1560,4;16/03/2023
76;Múrcia;1440,88;17/03/2023
77;Málaga;998,57;18/03/2023
78;Múrcia;92,02;19/03/2023
79;Málaga;1172,69;20/03/2023
80;Castillón;106,65;21/03/2023
81;Gerona;1211,42;22/03/2023
82;Córdoba;1602,82;23/03/2023
83;Córdoba;1174,13;24/03/2023
84;León;1994,07;25/03/2023
85;Cádiz;917,17;26/03/2023
86;Cádiz;1500,17;27/03/2023
87;Córdoba;1337,75;28/03/2023
88;Castillón;1982,95;29/03/2023
89;Gerona;1429,31;30/03/2023
90;León;336,42;31/03/2023
91;Castillón;1911,48;01/04/2023
92;Cádiz;1338,88;02/04/2023
93;León;128,08;03/04/2023
94;Múrcia;1318,56;04/04/2023
95;Almería;1767,41;05/04/2023
96;Tarragón;1158,31;06/04/2023
97;León;714,5;07/04/2023
98;Cádiz;1643,61;08/04/2023
99;Castillón;1567,2;09/04/2023
100;Múrcia;1092,92;10/04/2023
101;Tarragón;317,18;11/04/2023
102;Tarragón;509,46;12/04/2023
103;León;1479,58;13/04/2023
104;Tarragón;1614,1;14/04/2023
105;Múrcia;565,74;15/04/2023
106;Gerona;742,29;16/04/2023
107;Castillón;164,49;17/04/2023
108;León;1429,79;18/04/2023
109;Tarragón;17,12;19/04/2023
110;Gerona;102,62;20/04/2023
111;Castillón;18,64;21/04/2023
112;Málaga;1294,19;22/04/2023
113;Gerona;840,6;23/04/2023
114;Málaga;602,12;24/04/2023
115;Málaga;1826,28;25/04/2023
116;Gerona;393,68;26/04/2023
117;Tarragón;784,84;27/04/2023
118;Málaga;1881,22;28/04/2023
119;Tarragón;859,94;29/04/2023
120;Tarragón;1113,84;30/04/2023
121;Castillón;169,87;01/05/2023
122;Lleida;1582,43;02/05/2023
123;Múrcia;851,29;03/05/2023
124;Tarragón;1603,03;04/05/2023
125;Castillón;515,06;05/05/2023
126;Almería;850,73;06/05/2023
127;Málaga;1575,23;07/05/2023
128;León;1948,02;08/05/2023
129;Tarragón;128,65;09/05/2023
130;Gerona;1626,79;10/05/2023
131;Málaga;608,37;11/05/2023
132;Málaga;1105,98;12/05/2023
133;Almería;587,28;13/05/2023
134;León;1230,76;14/05/2023
135;Castillón;714,07;15/05/2023
136;Almería;673,89;16/05/2023
137;Múrcia;85,5;17/05/2023
138;Málaga;302,45;18/05/2023
139;Tarragón;1834,99;19/05/2023
140;Tarragón;1996,57;20/05/2023
141;Almería;1563,24;21/05/2023
142;Múrcia;580,76;22/05/2023
143;Córdoba;810,87;23/05/2023
144;Cádiz;1481,61;24/05/2023
145;Gerona;1937,34;25/05/2023
146;Gerona;916,39;26/05/2023
147;Córdoba;1660,75;27/05/2023
148;Málaga;1950,39;28/05/2023
149;Castillón;1748,21;29/05/2023
150;León;462,03;30/05/2023
151;Córdoba;25,98;31/05/2023
152;Múrcia;989,24;01/06/2023
153;Tarragón;1067,41;02/06/2023
154;Cádiz;410,49;03/06/2023
155;Málaga;576,5;04/06/2023
156;Cádiz;1532,65;05/06/2023
157;León;945,99;06/06/2023
158;Tarragón;641,53;07/06/2023
159;Múrcia;1249,03;08/06/2023
160;Gerona;1308,99;09/06/2023
161;León;1541,1;10/06/2023
162;Córdoba;321,85;11/06/2023
163;Gerona;1485,62;12/06/2023
164;Gerona;1202,86;13/06/2023
165;Múrcia;124,57;14/06/2023
166;Córdoba;1557,12;15/06/2023
167;Almería;772,33;16/06/2023
168;León;667,46;17/06/2023
169;Castillón;901,67;18/06/2023
170;Lleida;698,89;19/06/2023
171;Tarragón;683,19;20/06/2023
172;Múrcia;1618,07;21/06/2023
173;Tarragón;257,77;22/06/2023
174;León;1941,49;23/06/2023
175;Córdoba;1114,31;24/06/2023
176;Castillón;374,02;25/06/2023
177;Lleida;271,12;26/06/2023
178;Cádiz;1187,1;27/06/2023
179;Castillón;1269,67;28/06/2023
180;Múrcia;115,52;29/06/2023
181;Tarragón;493,57;30/06/2023
182;Castillón;1592,97;01/07/2023
183;Málaga;108,75;02/07/2023
184;Córdoba;1711,63;03/07/2023
185;Córdoba;1319,74;04/07/2023
186;Málaga;874,5;05/07/2023
187;Gerona;699,4;06/07/2023
188;Gerona;48,31;07/07/2023
189;León;1652,18;08/07/2023
190;Almería;294,02;09/07/2023
191;Cádiz;625,99;10/07/2023
192;Málaga;1142,52;11/07/2023
193;León;499,53;12/07/2023
194;Tarragón;999,31;13/07/2023
195;Málaga;1620,59;14/07/2023
196;Almería;946,37;15/07/2023
197;Málaga;1898,46;16/07/2023
198;Almería;1696,53;17/07/2023
199;Almería;672,75;18/07/2023
200;Almería;805,92;19/07/2023
