id_cliente,recencia_dias,frecuencia,monetario,ticket_medio,pct_cancelados,segmento,ciudad,feature_timestamp
1,250,10,1367.95,136.8,0.048,basico,Bilbao,2025-01-01T00:00:00
2,223,11,4395.06,399.55,0.233,premium,Malaga,2025-01-01T00:00:00
3,337,0,0.0,0.0,0.005,standard,Zaragoza,2025-01-01T00:00:00
4,267,9,1595.91,177.32,0.017,premium,Barcelona,2025-01-01T00:00:00
5,147,0,0.0,0.0,0.076,standard,Valencia,2025-01-01T00:00:00
6,60,1,452.12,452.12,0.017,basico,Madrid,2025-01-01T00:00:00
7,399,11,6095.47,554.13,0.176,standard,Palma,2025-01-01T00:00:00
8,379,6,3253.95,542.32,0.029,standard,Murcia,2025-01-01T00:00:00
9,228,6,652.18,108.7,0.231,standard,Sevilla,2025-01-01T00:00:00
10,165,7,2838.08,405.44,0.208,standard,Palma,2025-01-01T00:00:00
11,143,1,372.46,372.46,0.163,standard,Sevilla,2025-01-01T00:00:00
12,79,7,1850.57,264.37,0.152,standard,Las Palmas,2025-01-01T00:00:00
13,266,2,567.92,283.96,0.235,basico,Sevilla,2025-01-01T00:00:00
14,63,8,473.3,59.16,0.02,standard,Bilbao,2025-01-01T00:00:00
15,301,7,3084.82,440.69,0.016,basico,Barcelona,2025-01-01T00:00:00
16,208,4,1313.47,328.37,0.204,basico,Zaragoza,2025-01-01T00:00:00
17,65,12,3724.22,310.35,0.004,standard,Sevilla,2025-01-01T00:00:00
18,327,1,498.31,498.31,0.138,standard,Barcelona,2025-01-01T00:00:00
19,71,4,2006.49,501.62,0.104,standard,Sevilla,2025-01-01T00:00:00
20,161,0,0.0,0.0,0.244,standard,Malaga,2025-01-01T00:00:00
21,157,9,739.09,82.12,0.028,standard,Las Palmas,2025-01-01T00:00:00
22,356,3,1119.55,373.18,0.18,standard,Murcia,2025-01-01T00:00:00
23,149,2,731.87,365.94,0.005,standard,Zaragoza,2025-01-01T00:00:00
24,154,8,1609.18,201.15,0.161,premium,Palma,2025-01-01T00:00:00
25,254,5,879.4,175.88,0.029,standard,Palma,2025-01-01T00:00:00
26,150,11,2413.8,219.44,0.062,basico,Palma,2025-01-01T00:00:00
27,141,9,5306.22,589.58,0.223,basico,Murcia,2025-01-01T00:00:00
28,132,9,4417.89,490.88,0.034,standard,Valencia,2025-01-01T00:00:00
29,286,0,0.0,0.0,0.216,standard,Bilbao,2025-01-01T00:00:00
30,354,9,5051.29,561.25,0.1,standard,Barcelona,2025-01-01T00:00:00
31,154,10,4905.88,490.59,0.046,standard,Palma,2025-01-01T00:00:00
32,352,6,442.31,73.72,0.048,basico,Malaga,2025-01-01T00:00:00
33,351,6,945.78,157.63,0.167,standard,Bilbao,2025-01-01T00:00:00
34,207,10,3632.44,363.24,0.129,standard,Valencia,2025-01-01T00:00:00
35,263,12,2828.42,235.7,0.139,premium,Barcelona,2025-01-01T00:00:00
36,124,10,4584.98,458.5,0.179,basico,Zaragoza,2025-01-01T00:00:00
37,138,12,3630.77,302.56,0.083,standard,Valencia,2025-01-01T00:00:00
38,280,10,1472.28,147.23,0.022,basico,Palma,2025-01-01T00:00:00
39,109,7,1645.77,235.11,0.026,standard,Palma,2025-01-01T00:00:00
40,115,12,2771.99,231.0,0.212,standard,Bilbao,2025-01-01T00:00:00
41,106,6,3332.6,555.43,0.237,standard,Murcia,2025-01-01T00:00:00
42,7,7,3666.88,523.84,0.094,premium,Sevilla,2025-01-01T00:00:00
43,207,4,729.09,182.27,0.148,standard,Malaga,2025-01-01T00:00:00
44,298,10,3272.23,327.22,0.062,standard,Madrid,2025-01-01T00:00:00
45,191,9,5347.77,594.2,0.222,premium,Las Palmas,2025-01-01T00:00:00
46,11,10,4410.59,441.06,0.202,standard,Palma,2025-01-01T00:00:00
47,75,6,809.46,134.91,0.135,standard,Malaga,2025-01-01T00:00:00
48,83,3,298.48,99.49,0.246,basico,Zaragoza,2025-01-01T00:00:00
49,307,6,3342.29,557.05,0.203,standard,Zaragoza,2025-01-01T00:00:00
50,25,8,2032.86,254.11,0.026,standard,Bilbao,2025-01-01T00:00:00
51,340,4,2262.11,565.53,0.194,standard,Murcia,2025-01-01T00:00:00
52,240,12,4339.71,361.64,0.23,standard,Valencia,2025-01-01T00:00:00
53,59,3,1375.79,458.6,0.169,basico,Sevilla,2025-01-01T00:00:00
54,70,3,963.46,321.15,0.084,basico,Murcia,2025-01-01T00:00:00
55,247,12,907.09,75.59,0.209,basico,Madrid,2025-01-01T00:00:00
56,90,7,642.63,91.8,0.113,premium,Murcia,2025-01-01T00:00:00
57,381,6,1963.81,327.3,0.022,standard,Valencia,2025-01-01T00:00:00
58,400,0,0.0,0.0,0.059,standard,Murcia,2025-01-01T00:00:00
59,213,6,488.99,81.5,0.221,premium,Madrid,2025-01-01T00:00:00
60,311,12,7177.15,598.1,0.051,standard,Madrid,2025-01-01T00:00:00
61,14,1,513.25,513.25,0.213,basico,Murcia,2025-01-01T00:00:00
62,358,7,4069.49,581.36,0.209,standard,Las Palmas,2025-01-01T00:00:00
63,162,0,0.0,0.0,0.157,standard,Barcelona,2025-01-01T00:00:00
64,256,8,2718.77,339.85,0.026,premium,Barcelona,2025-01-01T00:00:00
65,255,11,3165.09,287.74,0.126,premium,Las Palmas,2025-01-01T00:00:00
66,241,12,7111.62,592.63,0.19,premium,Malaga,2025-01-01T00:00:00
67,341,9,1818.95,202.11,0.23,basico,Sevilla,2025-01-01T00:00:00
68,180,9,2769.24,307.69,0.026,standard,Las Palmas,2025-01-01T00:00:00
69,316,0,0.0,0.0,0.136,basico,Las Palmas,2025-01-01T00:00:00
70,205,9,4404.91,489.43,0.165,standard,Palma,2025-01-01T00:00:00
71,325,11,4060.75,369.16,0.037,basico,Bilbao,2025-01-01T00:00:00
72,325,8,598.57,74.82,0.072,standard,Valencia,2025-01-01T00:00:00
73,165,11,5851.98,532.0,0.015,basico,Madrid,2025-01-01T00:00:00
74,332,2,980.35,490.18,0.06,standard,Sevilla,2025-01-01T00:00:00
75,382,11,4893.87,444.9,0.245,basico,Las Palmas,2025-01-01T00:00:00
76,301,2,1149.89,574.95,0.195,basico,Sevilla,2025-01-01T00:00:00
77,225,8,4299.75,537.47,0.238,standard,Murcia,2025-01-01T00:00:00
78,90,8,4633.16,579.14,0.072,standard,Palma,2025-01-01T00:00:00
79,139,12,3854.18,321.18,0.234,standard,Madrid,2025-01-01T00:00:00
80,204,8,3398.96,424.87,0.187,standard,Barcelona,2025-01-01T00:00:00
81,80,6,741.52,123.59,0.076,basico,Las Palmas,2025-01-01T00:00:00
82,63,12,3633.09,302.76,0.188,standard,Barcelona,2025-01-01T00:00:00
83,111,2,991.41,495.7,0.057,premium,Bilbao,2025-01-01T00:00:00
84,50,12,1800.78,150.06,0.11,standard,Zaragoza,2025-01-01T00:00:00
85,67,2,444.89,222.44,0.171,standard,Las Palmas,2025-01-01T00:00:00
86,230,4,1972.79,493.2,0.151,standard,Las Palmas,2025-01-01T00:00:00
87,191,2,366.51,183.25,0.174,standard,Barcelona,2025-01-01T00:00:00
88,104,12,2621.36,218.45,0.002,standard,Bilbao,2025-01-01T00:00:00
89,396,10,3066.86,306.69,0.204,standard,Barcelona,2025-01-01T00:00:00
90,48,5,1355.41,271.08,0.045,standard,Madrid,2025-01-01T00:00:00
91,47,10,2706.78,270.68,0.031,standard,Madrid,2025-01-01T00:00:00
92,210,10,2972.73,297.27,0.008,standard,Sevilla,2025-01-01T00:00:00
93,301,12,3475.14,289.59,0.087,standard,Zaragoza,2025-01-01T00:00:00
94,359,2,1064.32,532.16,0.017,standard,Bilbao,2025-01-01T00:00:00
95,379,1,167.78,167.78,0.081,standard,Murcia,2025-01-01T00:00:00
96,156,6,2354.27,392.38,0.022,premium,Barcelona,2025-01-01T00:00:00
97,291,7,3670.67,524.38,0.064,standard,Barcelona,2025-01-01T00:00:00
98,119,8,3484.02,435.5,0.16,standard,Sevilla,2025-01-01T00:00:00
99,4,7,3738.89,534.13,0.209,basico,Zaragoza,2025-01-01T00:00:00
100,193,10,1179.32,117.93,0.159,basico,Malaga,2025-01-01T00:00:00
